customerID,gender,SeniorCitizen,Partner,Dependents,tenure,PhoneService,MultipleLines,InternetService,OnlineSecurity,OnlineBackup,DeviceProtection,TechSupport,StreamingTV,StreamingMovies,Contract,PaperlessBilling,PaymentMethod,MonthlyCharges,TotalCharges,Churn,CustomerFeedback,feedback_length,word_count,sentiment_pos,sentiment_neg,sentiment_neu,sentiment_compound,sentiment_flag,service_count,avg_charges_per_month,is_high_value_customer,is_new_customer,tenure_x_charges,sentiment_x_charges
5375,0,0,1,0,1,0,1,0,0,2,0,0,0,0,0,1,2,29.85,29.85,0,i have been using the dsl internet service from this provider for the past month and so far i am satisfied with the service the connection has been reliable and the speed is sufficient for my needs the monthly charges are reasonable at 29 85 and i appreciate the convenience of paying through electronic check overall i have had a positive experience and would recommend this provider to others,394,69,0.149,0.027,0.824,0.8591,1,2,29.85,0,1,29.85,25.644135000000002
3962,1,0,0,0,34,1,0,0,2,0,2,0,0,0,1,0,3,56.95,1889.5,0,i have been a customer with this company for over two and a half years now and i have been very satisfied with their service the dsl internet has been reliable and the monthly charges are reasonable at 56 95 i prefer to pay by mailing in a check and have never had any issues with my payments overall i have no complaints and would recommend this company to others looking for internet service,393,74,0.098,0.044,0.859,0.6543,1,4,55.5735294117647,0,0,1936.3000000000002,37.262385
2564,1,0,0,0,2,1,0,0,2,2,0,0,0,0,0,1,3,53.85,108.15,1,i recently signed up for dsl internet service with this provider two months ago on a month to month contract unfortunately i have already decided to churn and switch to a different provider the monthly charges of 53 85 were reasonable but i found the internet service to be unreliable and slow additionally having to mail in a check for payment was inconvenient and outdated i would not recommend this provider to others looking for reliable and convenient internet service,473,80,0.0,0.106,0.894,-0.7915,-1,4,54.075,0,1,107.7,-42.622275
5535,1,0,0,0,45,0,1,0,2,0,2,2,0,0,1,0,0,42.3,1840.75,0,i have been a loyal customer with this company for 45 months now and i am very satisfied with the service they provide the monthly charges are reasonable at 42 3 and i appreciate the convenience of automatic bank transfer for payment the dsl internet service has been reliable and meets my needs overall i have had a positive experience with this company and have no plans to churn in the near future,400,73,0.149,0.051,0.8,0.8479,1,6,40.90555555555556,0,0,1903.4999999999998,35.86617
6511,0,0,0,0,2,1,0,1,0,0,0,0,0,0,0,1,2,70.7,151.65,1,i recently switched to this fiber optic internet service provider two months ago on a month to month contract the monthly charges of 70 7 seemed reasonable at first but unfortunately i have experienced frequent outages and slow speeds the payment method of electronic check has been convenient but i am disappointed with the overall service i have decided to churn and look for a more reliable internet provider,411,69,0.0,0.118,0.882,-0.8316,-1,0,75.825,0,1,141.4,-58.79412
6551,0,0,0,0,8,1,2,1,0,0,2,0,2,2,0,1,2,99.65,820.5,1,i recently decided to churn from this internet service provider after 8 months of being a customer the monthly charges of 99 65 for fiber optic internet were reasonable but i found the service to be inconsistent and unreliable the payment method of electronic check was convenient but ultimately i was not satisfied with the overall experience i will be looking for a new provider that can offer more reliable service,417,71,0.0,0.062,0.938,-0.5496,-1,6,102.5625,0,0,797.2,-54.76764
1002,1,0,0,1,22,1,2,1,0,2,0,0,2,0,0,1,1,89.1,1949.4,0,i have been a customer with this company for 22 months now and have been extremely satisfied with the service the fiber optic internet service is fast and reliable and i have had no issues with connectivity the automatic credit card payment method is convenient and ensures that my bill is always paid on time the monthly charge of 89 1 is reasonable for the quality of service i receive overall i have no complaints and would highly recommend this company to others,466,83,0.118,0.024,0.858,0.8198,1,4,88.60909090909091,1,0,1960.1999999999998,73.04418
4770,0,0,0,0,10,0,1,0,2,0,0,0,0,0,0,0,3,29.75,301.9,0,i have been a customer with this company for 10 months now and i am very satisfied with the dsl internet service they provide the monthly charges are affordable at 29 75 and i appreciate the flexibility of the month to month contract i prefer to pay by mailing a check and have had no issues with the billing process overall i have had a positive experience with this company and have no intentions of churning,410,76,0.134,0.09,0.775,0.7089,1,2,30.189999999999998,0,0,297.5,21.089775
5604,0,0,1,0,28,1,2,1,0,0,2,2,2,2,0,1,2,104.8,3046.05,1,i recently decided to cancel my service after 28 months with the company while i appreciated the fast and reliable fiber optic internet service provided i found that the monthly charges of 104 80 were becoming too expensive for my budget the ability to pay with an electronic check was convenient but ultimately i had to switch to a more affordable option i would consider returning in the future if there are more competitive pricing options available,452,77,0.077,0.052,0.871,0.4659,1,8,108.78750000000001,1,0,2934.4,48.826319999999996
4534,1,0,0,1,62,1,0,0,2,2,0,0,0,0,1,0,0,56.15,3487.95,0,i have been a customer with this dsl provider for over five years now and i have been satisfied with the service overall the automatic bank transfer for payment has been convenient and hassle free the monthly charges of 56 15 are reasonable for the internet service i receive i appreciate the consistency of the service and have not experienced any issues that would lead me to consider churning to a different provider overall i am happy with my experience as a long term customer,481,85,0.132,0.022,0.846,0.886,1,4,56.25725806451613,0,0,3481.2999999999997,49.7489
6871,1,0,1,1,13,1,0,0,2,0,0,0,0,0,0,1,3,49.95,587.45,0,i have been a customer with this internet provider for 13 months now and i am overall satisfied with the service the monthly charges of 49 95 for dsl internet are reasonable and the speed is sufficient for my needs i appreciate the flexibility of the month to month contract as it allows me to easily make changes if needed the only downside is that i have to pay by mailed check which can be a bit inconvenient overall i have had a positive experience and have not experienced any issues that would make me consider switching providers,536,98,0.125,0.071,0.803,0.7906,1,2,45.18846153846154,0,0,649.35,39.49047
5288,1,0,0,0,16,1,0,2,1,1,1,1,1,1,2,0,1,18.95,326.8,0,i have been a customer with this company for 16 months now and i am happy to say that i have not experienced any issues with their service the monthly charges of 18 95 are affordable and the automatic credit card payment method makes it convenient for me to pay my bills on time even though i do not have internet service with them i have been satisfied with the overall customer experience i am looking forward to continuing my contract with them for the remaining duration,474,87,0.096,0.037,0.867,0.765,1,6,20.425,0,0,303.2,14.49675
5751,1,0,1,0,58,1,2,1,0,0,2,0,2,2,1,0,1,100.35,5681.1,0,i have been a customer with this fiber optic internet service provider for 58 months now and i have been very satisfied with the service the connection is fast and reliable and i have never experienced any issues with my internet connection the monthly charges of 100 35 are reasonable for the quality of service that i receive i appreciate the convenience of automatic credit card payments which makes it easy to manage my bill overall i have no complaints and would recommend this provider to others,501,87,0.164,0.021,0.815,0.9178,1,6,97.95,1,0,5820.299999999999,92.10122999999999
174,1,0,0,0,49,1,2,1,0,2,2,0,2,2,0,1,0,103.7,5036.3,1,i recently decided to switch internet providers after being with my previous provider for almost four years while the fiber optic internet service was reliable and fast the monthly charges of 103 70 were a bit steep for me especially since i was on a month to month contract the automatic bank transfer payment method was convenient but ultimately i decided to shop around for a more cost effective option overall i had a positive experience with the service itself but the pricing ultimately led me to churn,508,88,0.099,0.016,0.885,0.8726,1,8,102.78163265306122,1,0,5081.3,90.48862000000001
3615,1,0,0,0,25,1,0,1,2,0,2,2,2,2,0,1,2,105.5,2686.05,0,i have been a customer with this company for 25 months now and i am very satisfied with the service the fiber optic internet is fast and reliable and i have had no issues with connectivity the monthly charges of 105 5 are reasonable for the quality of service provided i appreciate being able to pay with electronic check as it is convenient and easy to manage overall i have no complaints and am happy to continue with this service on a month to month basis,458,86,0.149,0.058,0.793,0.8736,1,10,107.44200000000001,1,0,2637.5,92.1648
2556,0,0,1,1,69,1,2,1,2,2,2,2,2,2,2,0,1,113.25,7895.15,0,i have been a customer with this company for almost 6 years now and i have been extremely satisfied with their fiber optic internet service the speed and reliability have been excellent and i have never had any issues with connectivity the automatic credit card payment method is convenient and hassle free even though the monthly charges are a bit on the higher side at 113 25 i believe the quality of service justifies the cost overall i am very happy with my experience and have no plans to churn anytime soon,512,92,0.157,0.041,0.802,0.9244,1,12,114.42246376811593,1,0,7814.25,104.6883
5820,0,0,0,0,52,1,0,2,1,1,1,1,1,1,1,0,3,20.65,1022.95,0,i have been a customer with this company for over four years now and i have never had any issues with their service the monthly charges are very affordable at 20 65 and i appreciate the option to pay by mailed check even though i do not have internet service with them i have been satisfied with the quality of their customer service and overall experience i am happy to say that i have not experienced any reason to consider churning from this company,452,84,0.1,0.038,0.862,0.7717,1,6,19.672115384615385,0,0,1073.8,15.935605
7019,1,0,0,1,71,1,2,1,2,0,2,0,2,2,2,0,0,106.7,7382.25,0,i have been a customer with this company for over 6 years now and i am extremely satisfied with the service i have received the fiber optic internet service has been reliable and fast and i have had no issues with connectivity the automatic bank transfer for payment has been convenient and hassle free the monthly charges of 106 7 for the two year contract are reasonable for the quality of service provided overall i would highly recommend this company to others looking for a reliable internet service provider,513,89,0.094,0.044,0.862,0.7083,1,8,103.97535211267606,1,0,7575.7,75.57561000000001
2937,0,0,1,1,10,1,0,0,0,0,2,2,0,0,0,0,1,55.2,528.35,1,i have been a customer with this internet service provider for 10 months on a month to month contract with automatic credit card payments unfortunately i have decided to churn due to the unreliable dsl internet service the monthly charges of 55 2 were reasonable but the frequent outages and slow speeds were not worth the cost i would recommend looking into other internet service providers for more reliable service,417,70,0.067,0.07,0.863,0.2025,1,4,52.835,0,0,552.0,11.178
2928,0,0,0,0,21,1,0,1,0,2,2,0,0,2,0,1,2,90.05,1862.9,0,i have been a customer with this company for 21 months and have been satisfied with the fiber optic internet service the monthly charges of 90 05 are reasonable for the speed and reliability of the connection i appreciate the convenience of paying with electronic check and have had no issues with billing or service interruptions overall i am happy with my experience and have no plans to switch providers,406,70,0.113,0.113,0.774,0.25,1,6,88.70952380952382,1,0,1891.05,22.5125
6207,1,1,0,0,1,0,1,0,0,0,2,0,0,2,0,1,2,39.65,39.65,1,i recently signed up for dsl internet service with this provider on a month to month contract after just one month i decided to cancel due to slow and unreliable internet speeds the monthly charges of 39 65 were reasonable but i expected better performance for the price i also found the payment method of electronic check to be convenient overall i was disappointed with the service and chose to churn after only one month,423,75,0.047,0.088,0.865,-0.3291,-1,4,39.65,0,1,39.65,-13.048815
1141,1,0,1,0,12,1,0,2,1,1,1,1,1,1,1,0,0,19.8,202.25,0,i have been a customer with this company for 12 months now and i am pleased to say that i have had no issues with churn the monthly charges of 19 8 are affordable and the automatic bank transfer payment method is convenient for me however i do wish that internet service was offered as part of my contract overall i am satisfied with my experience as a customer,361,69,0.11,0.056,0.834,0.6249,1,6,16.854166666666668,0,0,237.60000000000002,12.37302
723,1,0,0,0,1,1,0,2,1,1,1,1,1,1,0,0,3,20.15,20.15,1,i recently signed up for internet service with this company on a month to month basis unfortunately after just one month i decided to cancel due to some personal reasons i found the monthly charges of 20 15 to be reasonable but i was disappointed to find out that they do not offer internet service in my area i also found it inconvenient that the only payment method available was to mail a check overall my experience as a customer was short lived but somewhat frustrating,474,86,0.0,0.162,0.838,-0.9247,-1,6,20.15,0,1,20.15,-18.632704999999998
2541,0,0,1,0,58,1,2,0,0,2,0,2,0,0,2,1,1,59.9,3505.1,0,i have been a loyal customer with this company for almost 5 years now and i have had a positive experience overall the dsl internet service has been reliable and i have not experienced any major issues with it the monthly charges of 59 9 are reasonable for the service provided i appreciate the convenience of having my payments automatically deducted from my credit card each month overall i am satisfied with the service and have no complaints,445,78,0.189,0.023,0.788,0.932,1,4,60.432758620689654,0,0,3474.2,55.8268
4479,1,0,1,1,49,1,0,0,2,2,0,2,0,0,0,0,1,59.6,2970.3,0,i have been a customer of this dsl internet service provider for nearly four years now and i have been very satisfied with their service the monthly charges are reasonable at 59 6 and i appreciate the convenience of automatic credit card payments the internet connection has been reliable and i have had no issues with downtime overall i have no complaints and would recommend this provider to others looking for a reliable and affordable internet service,455,77,0.15,0.049,0.8,0.8339,1,6,60.61836734693878,0,0,2920.4,49.70044
4873,0,0,0,0,30,1,0,0,2,2,0,0,0,0,0,1,0,55.3,1530.6,0,i have been a customer with this company for 30 months now and i have been very satisfied with their service the monthly charges of 55 3 for dsl internet are very reasonable and the automatic bank transfer payment method makes it convenient for me to pay my bill on time i have never experienced any issues with my internet service and have had no reason to consider churning to another provider overall i am happy with the service i am receiving and would recommend this company to others,489,89,0.095,0.058,0.847,0.6801,1,4,51.019999999999996,0,0,1659.0,37.60953
4584,1,0,1,1,47,1,2,1,0,2,0,0,2,2,0,1,2,99.35,4749.15,1,i have been a customer with this company for almost four years now but i have decided to churn and cancel my service the monthly charges of 99 35 for fiber optic internet were reasonable but i have found a better deal with another provider the month to month contract type was convenient for me but i have been having issues with the electronic check payment method overall i have had a satisfactory experience with the internet service itself but i ultimately decided to switch due to cost and payment method issues,516,92,0.071,0.051,0.878,0.4497,1,6,101.04574468085106,1,0,4669.45,44.67769499999999
6119,1,0,1,1,1,0,1,0,0,2,0,0,0,0,0,0,2,30.2,30.2,1,i recently signed up for dsl internet service with this provider on a month to month contract unfortunately after just one month i decided to switch to a different provider due to slow and unreliable internet speeds the monthly charges were reasonable at 30 2 and i appreciated the convenience of paying with an electronic check however the overall service did not meet my expectations and i ultimately chose to churn,417,71,0.044,0.059,0.897,-0.0516,-1,2,30.2,0,1,30.2,-1.55832
3733,1,0,1,0,72,1,2,0,2,2,2,2,2,2,2,1,1,90.25,6369.45,0,i have been a customer with this company for 6 years now and i have been very satisfied with the service overall the internet service provided through dsl has been reliable and consistent with few interruptions the automatic credit card payment method has made bill paying convenient and hassle free although the monthly charges are a bit on the higher side at 90 25 i feel that the quality of service justifies the cost overall i have no complaints and would recommend this company to others,492,86,0.141,0.049,0.81,0.8381,1,12,88.46458333333334,1,0,6498.0,75.638525
6199,0,0,0,1,17,1,0,0,0,0,0,0,2,2,0,1,3,64.7,1093.1,1,i recently decided to switch internet providers after being with this company for 17 months on a month to month contract the dsl service was reliable for the most part but i found the monthly charges of 64 7 to be a bit on the higher side compared to other providers in the area additionally having to mail a check for payment was a bit inconvenient for me overall i decided to churn and go with a different provider that offered better value for the price,456,86,0.073,0.061,0.866,0.296,1,4,64.3,0,0,1099.9,19.1512
2700,0,1,1,0,71,1,2,1,2,2,2,2,0,0,2,1,1,96.35,6766.95,0,i have been a customer with this company for over 6 years now and i have been extremely satisfied with the service the fiber optic internet service is fast and reliable and the monthly charges are reasonable for the quality of service provided i appreciate the convenience of automatic credit card payments as it ensures that my bill is always paid on time overall i have had a great experience with this company and would highly recommend them to others,454,80,0.167,0.023,0.81,0.9214,1,8,95.30915492957746,1,0,6840.849999999999,88.77689
3481,1,1,1,0,2,1,0,1,0,0,2,0,2,2,0,1,1,95.5,181.65,0,i have been a customer with this fiber optic internet service provider for 2 months now and i am extremely satisfied with the service the connection is fast and reliable and i have not experienced any issues with downtime or slow speeds the automatic payment method with my credit card makes it convenient to pay my monthly bill of 95 5 overall i would highly recommend this service to others looking for a reliable internet provider,433,76,0.104,0.017,0.879,0.7956,1,6,90.825,0,1,191.0,75.9798
4844,0,0,1,1,27,1,0,0,2,2,2,2,0,0,1,0,3,66.15,1874.45,0,i have been a customer with this company for almost two and a half years now and i have been satisfied with the service overall the dsl internet service has been reliable and the monthly charges of 66 15 are reasonable i appreciate the option to pay by mailed check as it is convenient for me i have not experienced any issues with billing or service disruptions during my time as a customer overall i am happy with the service provided and do not plan on churning anytime soon,477,89,0.094,0.06,0.846,0.6486,1,8,69.42407407407407,0,0,1786.0500000000002,42.90489
5194,1,0,0,0,1,1,0,2,1,1,1,1,1,1,0,0,0,20.2,20.2,0,i have been a customer with this company for just one month and so far i am very satisfied with the service the month to month contract and automatic bank transfer payment method make it convenient for me to manage my account although i do not have internet service with this company the monthly charges of 20 2 are reasonable i have not experienced any issues with billing or service so i have no complaints overall i am happy with my experience as a new customer,464,86,0.11,0.022,0.867,0.8028,1,6,20.2,0,1,20.2,16.216559999999998
2384,1,1,0,0,1,1,0,0,0,0,0,0,0,0,0,0,0,45.25,45.25,0,i have been a customer with this internet service provider for one month now and i am overall satisfied with the service the monthly charges are reasonable at 45 25 and the automatic bank transfer payment method is convenient for me the dsl internet service has been reliable so far and i have not experienced any issues with connectivity i appreciate the flexibility of the month to month contract and have no plans to churn at this time i would recommend this provider to others looking for a reliable and affordable internet service option,542,94,0.101,0.042,0.857,0.7269,1,0,45.25,0,1,45.25,32.892224999999996
4423,0,0,1,1,72,1,2,1,2,2,0,2,2,0,2,0,0,99.9,7251.7,0,i have been a customer with this company for six years now and i have been very satisfied with the service the fiber optic internet has been extremely reliable and fast and i have had no issues with connectivity the automatic bank transfer payment method is convenient and hassle free the monthly charges of 99 9 are reasonable considering the quality of service i receive overall i have no complaints and would recommend this company to others,444,77,0.129,0.05,0.821,0.7815,1,8,100.71805555555555,1,0,7192.8,78.07185
4292,1,0,0,0,5,1,0,1,0,0,0,0,0,0,0,1,2,69.7,316.9,1,i recently made the decision to churn from my current internet service provider after being with them for 5 months on a month to month contract while the fiber optic internet service was fast and reliable i found that the monthly charges of 69 7 were higher than i was willing to pay additionally i had some issues with the electronic check payment method as it was not always convenient for me to use overall i would recommend this provider for their quality internet service but i ultimately decided to switch to a different provider that offered more affordable pricing and a payment method that better suited my needs,621,109,0.049,0.024,0.926,0.5927,1,0,63.379999999999995,0,1,348.5,41.31119
4656,0,0,0,0,46,1,0,1,0,0,2,0,0,0,0,1,1,74.8,3548.3,0,i have been a customer with this company for almost 4 years now and i have been extremely satisfied with their fiber optic internet service the speed and reliability have been top notch and i have had no issues with connectivity the automatic credit card payment method makes it convenient for me to pay my monthly bill on time even though the monthly charges are a bit on the higher side at 74 8 i believe the quality of service is worth it overall i have no complaints and am happy to continue being a loyal customer,518,97,0.166,0.051,0.783,0.9144,1,2,77.13695652173914,0,0,3440.7999999999997,68.39712
3828,1,0,0,0,34,1,2,1,0,2,2,0,2,2,0,1,2,106.35,3549.25,1,i have been a customer with this company for 34 months now but unfortunately i have decided to churn the monthly charges of 106 35 for fiber optic internet service were reasonable but i found the service to be inconsistent and unreliable additionally the payment method of electronic check was convenient but i experienced issues with billing errors and customer service support overall i was not satisfied with the level of service provided and have chosen to switch to a different provider,491,82,0.038,0.128,0.833,-0.8073,-1,8,104.38970588235294,1,0,3615.8999999999996,-85.856355
5803,0,0,0,0,11,1,2,1,0,0,2,0,2,2,0,1,0,97.85,1105.4,1,i was a customer of this fiber optic internet service provider for 11 months on a month to month contract the monthly charges of 97 85 were reasonable for the high speed internet i received i appreciated the convenience of automatic bank transfers for payment however i ultimately decided to churn because i found a better deal with another provider overall i had a positive experience with this company but ultimately had to switch for financial reasons,454,77,0.079,0.019,0.902,0.5927,1,6,100.4909090909091,0,0,1076.35,57.995695
6263,1,0,1,1,10,1,0,0,0,2,0,0,0,0,1,0,3,49.55,475.7,0,i have been a customer with this dsl internet service provider for 10 months now and have not experienced any issues with their service the monthly charges of 49 55 are reasonable for the speed and reliability of the internet connection i appreciate being able to pay with a mailed check as it is convenient for me overall i am satisfied with my experience and do not plan on switching providers any time soon,409,74,0.07,0.044,0.886,0.4588,1,2,47.57,0,0,495.5,22.733539999999998
6671,0,0,1,1,70,1,2,0,2,2,0,0,2,0,2,1,1,69.2,4872.35,0,after 70 months of being a loyal customer with this company i can confidently say that i am extremely satisfied with the service provided the two year contract with dsl internet has been reliable and consistent with no issues or disruptions in service the monthly charges of 69 2 are reasonable for the quality of service received the automatic credit card payment method makes it convenient and hassle free to pay my bill on time every month overall i have had a positive experience with this company and have no intentions of churning in the near future,555,97,0.182,0.069,0.75,0.9316,1,6,69.605,0,0,4844.0,64.46672
6956,0,0,1,1,17,1,0,2,1,1,1,1,1,1,1,0,3,20.75,418.25,0,i have been a customer with this company for 17 months now and i have not experienced any issues with churning i have been on a one year contract with monthly charges of 20 75 which i find to be very reasonable although i do not have internet service with this company i have been satisfied with the payment method of mailing a check overall i am happy with my experience as a customer and would recommend this company to others,428,81,0.102,0.024,0.874,0.7845,1,6,24.602941176470587,0,0,352.75,16.278375
3268,0,0,0,0,63,1,2,0,2,2,2,2,2,0,2,1,1,79.85,4861.45,0,i have been a customer with this company for over five years now and have been satisfied with the service overall the monthly charges are reasonable for the internet service i receive through dsl the automatic credit card payment method is convenient and hassle free i have not experienced any issues with the service or billing that would prompt me to consider leaving overall i am a happy and loyal customer,409,71,0.188,0.025,0.787,0.9246,1,10,77.16587301587302,0,0,5030.549999999999,73.82930999999999
2862,0,0,1,0,13,1,2,0,2,2,0,2,2,0,0,1,2,76.2,981.45,0,i have been a customer with this internet service provider for 13 months now and i am very satisfied with the service the monthly charges of 76 2 for dsl internet are reasonable and the payment method through electronic check is convenient i appreciate the flexibility of the month to month contract and i have not experienced any issues with the service that would make me consider churning overall i would recommend this provider to others looking for reliable internet service,479,81,0.12,0.024,0.856,0.8221,1,8,75.49615384615385,0,0,990.6,62.644020000000005
2599,0,0,0,0,49,1,2,1,0,0,0,0,0,2,0,1,2,84.5,3906.7,0,i have been a customer with this company for almost four years now and i have been extremely satisfied with the service the fiber optic internet is fast and reliable and i have never experienced any issues with connectivity the monthly charges are reasonable at 84 50 and i appreciate the convenience of being able to pay with electronic check overall i have no complaints and would highly recommend this company to others,422,73,0.133,0.043,0.824,0.8097,1,2,79.72857142857143,1,0,4140.5,68.41965
4212,1,0,0,0,2,1,0,0,0,2,0,0,0,0,0,0,3,49.25,97.0,0,i have been a customer with this internet service provider for 2 months now and i am happy to say that i have had no issues with churning the month to month contract option works well for my needs and the monthly charges of 49 25 are affordable the dsl internet service has been reliable and i have not experienced any major outages the only downside for me is the payment method of mailed check which can be a bit inconvenient overall i am satisfied with the service provided,476,89,0.087,0.088,0.826,0.2263,1,2,48.5,0,1,98.5,11.145275
5510,0,0,0,0,2,1,0,1,0,0,0,0,2,0,0,1,2,80.65,144.15,1,i recently switched to this fiber optic internet service provider and signed up for a month to month contract however after just 2 months of service i decided to cancel due to a better deal with another provider the monthly charges of 80 65 were reasonable but i found a cheaper option elsewhere the payment method of electronic check was convenient and easy to use overall i had a positive experience with the service but ultimately chose to switch due to cost savings,469,83,0.117,0.033,0.85,0.8641,1,2,72.075,0,1,161.3,69.689665
5427,1,0,0,0,52,1,2,0,2,0,0,2,2,2,2,1,1,79.75,4217.8,0,i have been with this dsl internet service provider for over four years now and i have been very satisfied with the service the monthly charges are reasonable at 79 75 and the automatic credit card payment method makes it convenient for me to pay my bills on time the internet speed has been consistent and reliable throughout my tenure overall i have had a positive experience and would recommend this provider to others,421,74,0.142,0.042,0.816,0.8516,1,8,81.11153846153846,0,0,4147.0,67.9151
2047,0,0,1,1,69,1,2,0,2,0,2,2,0,0,2,1,1,64.15,4254.1,0,i have been a customer with this company for almost six years now and i have been very satisfied with the service the monthly charges are reasonable at 64 15 and i appreciate the convenience of automatic credit card payments the dsl internet service has been reliable and meets my needs i have not experienced any issues that would cause me to consider switching providers overall i am a happy and loyal customer,412,73,0.18,0.025,0.795,0.92,1,6,61.6536231884058,0,0,4426.35,59.01800000000001
5686,0,1,0,0,43,1,2,1,0,2,0,0,2,0,0,1,2,90.25,3838.75,0,i have been a customer with this company for over 3 years now and i have been very satisfied with the service the fiber optic internet is fast and reliable and i have had no issues with connectivity the monthly charges are reasonable at 90 25 and the option to pay with an electronic check is convenient for me i appreciate the flexibility of a month to month contract as it allows me to easily make changes if needed overall i am happy with my experience and have no plans to churn in the near future,501,96,0.131,0.072,0.797,0.8122,1,4,89.27325581395348,1,0,3880.75,73.30105
6630,0,0,0,0,15,1,0,1,2,2,0,0,2,2,0,1,1,99.1,1426.4,1,after being a customer for 15 months i ultimately decided to churn due to the high monthly charges of 99 1 for fiber optic internet service while the service itself was reliable and fast i found that i could get a better deal with another provider the automatic credit card payment method was convenient but i ultimately had to prioritize cost savings over convenience overall i would recommend this service for those who value speed and reliability but be prepared to potentially pay a higher monthly fee,505,87,0.13,0.033,0.837,0.8519,1,8,95.09333333333333,1,0,1486.5,84.42329
4658,0,1,1,0,25,1,2,0,2,0,0,2,2,0,0,1,1,69.5,1752.65,0,i have been a customer with this company for 25 months now and i have been very satisfied with the service the dsl internet service has been reliable and the monthly charges of 69 5 are reasonable for the speed and quality of service i receive i appreciate the convenience of the automatic credit card payment method as well overall i have had no reason to consider churning and i would recommend this company to others looking for a reliable internet service provider,468,83,0.139,0.046,0.815,0.8268,1,6,70.10600000000001,0,0,1737.5,57.4626
5305,0,1,1,0,8,1,2,1,0,2,0,0,0,0,0,1,1,80.65,633.3,1,i recently cancelled my service with this company after being a customer for 8 months the monthly charges of 80 65 for fiber optic internet were reasonable but i ultimately decided to switch providers due to better promotional offers elsewhere the automatic credit card payment method was convenient and i never experienced any issues with billing overall i had a positive experience with the service during my time as a customer,429,71,0.15,0.038,0.813,0.9022,1,2,79.1625,0,0,645.2,72.76243000000001
3265,0,1,1,1,60,1,0,0,2,2,2,2,0,2,1,1,1,74.85,4456.35,0,i have been a loyal customer of this dsl internet service provider for the past five years with no intention of churning anytime soon the monthly charges of 74 85 are reasonable for the reliable internet service i receive the automatic payment method via credit card is convenient and hassle free overall i am satisfied with the service and plan to continue using it in the future,380,67,0.153,0.056,0.791,0.8176,1,10,74.27250000000001,0,0,4491.0,61.197359999999996
1129,1,1,0,0,18,1,2,1,0,0,0,0,2,2,0,1,2,95.45,1752.55,1,i was a customer with this company for 18 months on a month to month contract with a monthly charge of 95 45 for fiber optic internet service i used electronic check as my payment method unfortunately i ultimately decided to churn as i found a better deal with another provider the service was reliable and fast but the pricing was a bit high compared to competitors overall i was satisfied with the service but ultimately made the decision to switch providers for a better deal,478,86,0.102,0.018,0.88,0.8316,1,4,97.36388888888888,1,0,1718.1000000000001,79.37622
6198,0,0,1,1,63,1,2,1,2,0,0,0,2,2,1,1,1,99.65,6311.2,0,i have been a loyal customer of this company for over five years now and i couldn t be happier with their services the fiber optic internet service they provide is extremely reliable and fast and i have never experienced any interruptions or downtime the automatic payment method with my credit card makes it convenient for me to pay my monthly bill without having to worry about remembering to do so although the monthly charges are a bit on the higher side at 99 65 i believe the quality of service i receive more than justifies the cost overall i am very satisfied with this company and would highly recommend them to others,627,113,0.155,0.028,0.818,0.9446,1,6,100.17777777777778,1,0,6277.950000000001,94.12939
3578,1,1,1,1,66,1,2,1,0,2,2,2,2,2,1,1,2,108.45,7076.35,0,i have been a loyal customer of this internet service provider for over 5 years now and i have been very satisfied with the fiber optic internet service they offer the speed and reliability of the connection have been excellent and i have had no issues with downtime or interruptions i appreciate the convenience of being able to pay my monthly bill with an electronic check and the 108 45 monthly charge for the service is reasonable for the quality of internet i receive overall i have had a positive experience with this provider and would recommend them to others looking for reliable and fast internet service,614,107,0.152,0.051,0.797,0.9245,1,10,107.21742424242424,1,0,7157.7,100.26202500000001
2783,0,0,1,1,34,1,2,2,1,1,1,1,1,1,2,0,1,24.95,894.3,0,i have been a customer with this company for over 2 and a half years and i have been very satisfied with the service the automatic credit card payments make it convenient for me to pay my bill on time every month although i do not have internet service with this company i have never experienced any issues with my account or billing the monthly charges are reasonable at 24 95 and i have no plans to churn in the near future overall i would highly recommend this company to others,481,91,0.086,0.057,0.857,0.584,1,6,26.302941176470586,0,0,848.3,14.570799999999998
4218,0,0,0,0,72,1,2,1,0,0,2,2,2,2,2,1,1,107.5,7853.7,0,i have been a customer with this company for 6 years now and i have been very satisfied with the service the fiber optic internet service has been fast and reliable and i have never experienced any issues with connectivity the automatic credit card payment method is convenient and hassle free although the monthly charges are on the higher side at 107 5 i believe the quality of service justifies the cost overall i have no complaints and i would highly recommend this company to others,487,86,0.146,0.022,0.832,0.8989,1,8,109.07916666666667,1,0,7740.0,96.63175
295,0,0,1,0,47,1,2,1,0,0,2,0,2,2,0,1,2,100.5,4707.1,0,i have been a customer with this company for almost 4 years now and i have been very satisfied with the service provided the fiber optic internet service has been reliable and fast with minimal downtime the monthly charges are reasonable for the quality of service received i appreciate the convenience of paying with electronic check and have had no issues with billing overall i have no complaints and would recommend this company to others,442,75,0.126,0.051,0.823,0.7392,1,6,100.15106382978725,1,0,4723.5,74.2896
832,1,0,0,0,60,1,2,1,0,2,0,0,2,0,0,1,0,89.9,5450.7,0,i have been a customer with this company for 5 years now and i am extremely satisfied with their service the fiber optic internet is fast and reliable and the automatic bank transfer payment method makes it convenient for me to pay my monthly bill the monthly charges of 89 9 are reasonable for the quality of service i receive i have had no issues with my internet connection and have not experienced any reason to consider switching providers overall i would highly recommend this company to others looking for a reliable internet service provider,549,95,0.058,0.056,0.886,0.2928,1,4,90.845,1,0,5394.0,26.32272
358,1,0,1,0,72,0,1,0,2,2,2,0,0,0,2,0,0,42.1,2962.0,0,i have been a customer with this company for 6 years now and i am extremely satisfied with the service the monthly charges are very reasonable at 42 1 and i appreciate the convenience of the automatic bank transfer payment method the dsl internet service has been reliable and i have never experienced any issues with connectivity overall i have had a positive experience and would highly recommend this company to others,421,72,0.15,0.026,0.824,0.8775,1,6,41.138888888888886,0,0,3031.2000000000003,36.94275
374,0,0,1,1,18,1,0,0,0,0,2,2,0,0,1,1,1,54.4,957.1,0,i have been a customer with this dsl provider for 18 months now and i have been very satisfied with the service the monthly charges are reasonable at 54 4 and i appreciate the convenience of automatic credit card payments i have not experienced any issues with the service and have had no reason to consider churning overall i am happy with my experience and would recommend this provider to others,398,71,0.176,0.052,0.772,0.8832,1,4,53.172222222222224,0,0,979.1999999999999,48.046079999999996
4043,0,0,0,0,9,1,2,1,0,0,0,0,2,2,0,0,2,94.4,857.25,1,i cancelled my service after 9 months due to moving to a new area the fiber optic internet service was reliable and fast but i found the monthly charges of 94 4 to be a bit steep compared to other providers in the area the option to pay with an electronic check was convenient and hassle free overall i was satisfied with the service but ultimately decided to switch to a more affordable provider,396,74,0.098,0.069,0.832,0.6597,1,4,95.25,0,0,849.6,62.27568
3609,0,0,0,0,3,1,0,0,0,2,0,2,2,2,0,1,2,75.3,244.1,0,i have been a customer with this dsl internet service provider for 3 months now on a month to month contract i have been satisfied with the service so far and have not experienced any issues that would cause me to consider churning the monthly charges of 75 3 are reasonable for the internet speed and reliability i am receiving i appreciate the convenience of paying through electronic check overall i am happy with my experience and plan to continue using this service,470,83,0.102,0.023,0.875,0.7964,1,8,81.36666666666666,0,1,225.89999999999998,59.96892
6090,1,0,1,0,47,1,2,1,0,2,0,0,0,0,1,1,2,78.9,3650.35,0,i have been a customer with this company for 47 months and have been very satisfied with their service the fiber optic internet service has been reliable and fast and i have had no issues with billing or payments using electronic check the monthly charges of 78 9 are reasonable for the quality of service provided i have no plans to churn and will continue to be a loyal customer,380,70,0.08,0.084,0.837,0.1761,1,2,77.66702127659575,0,0,3708.3,13.894290000000002
2382,0,0,0,0,31,1,0,0,0,2,2,2,2,2,2,0,3,79.2,2497.2,0,i have been a loyal customer with this internet provider for over two and a half years now and i have had a positive experience overall the dsl internet service has been reliable and consistent during my time with them i appreciate the option to pay by mailing a check as it is convenient for me the monthly charges are reasonable at 79 2 considering the quality of service i receive i have no complaints and am satisfied with my internet provider,447,82,0.156,0.038,0.807,0.8992,1,10,80.55483870967741,0,0,2455.2000000000003,71.21664
2215,0,0,1,1,50,1,0,2,1,1,1,1,1,1,2,0,0,20.15,930.9,0,i have been a loyal customer with this company for 50 months now and have been satisfied with the service overall the automatic bank transfer payment method is convenient and hassle free however i do wish there was an option for internet service as part of my package other than that the monthly charges of 20 15 for a two year contract are reasonable overall i am happy with my experience with this company,407,74,0.182,0.025,0.793,0.926,1,6,18.618,0,0,1007.4999999999999,18.6589
5262,1,0,0,0,10,1,0,1,2,0,2,0,0,0,0,1,3,79.85,887.35,0,i have been a customer with this company for 10 months now and i am very satisfied with the service the fiber optic internet is fast and reliable and i have had no issues with connectivity the monthly charges of 79 85 are reasonable for the quality of service provided i appreciate being able to pay by mailing a check as it is my preferred method of payment overall i have no complaints and am happy to continue using this company for my internet service,455,85,0.123,0.06,0.817,0.7936,1,4,88.735,0,0,798.5,63.368959999999994
1562,1,0,0,0,1,1,0,0,0,0,0,2,0,0,0,0,3,49.05,49.05,0,i have been using the dsl internet service for a month now and i am satisfied with the speed and reliability the monthly charges of 49 05 are reasonable for the service provided i appreciate being able to pay with a mailed check as it is convenient for me overall i am happy with the service and do not plan on churning anytime soon,332,64,0.128,0.049,0.823,0.7717,1,2,49.05,0,1,49.05,37.851885
501,0,0,1,1,52,1,0,2,1,1,1,1,1,1,1,1,2,20.4,1090.65,0,i have been a customer with this company for over four years now and have been satisfied with the service overall the monthly charges are reasonable at 20 4 and i appreciate being able to pay with electronic check the lack of internet service is not an issue for me as i have alternative options overall i have had a positive experience and would recommend this company to others,379,69,0.146,0.073,0.781,0.7783,1,6,20.974038461538463,0,0,1060.8,15.87732
1272,1,1,1,1,64,1,2,1,2,0,2,2,2,2,2,1,0,111.6,7099.0,0,i have been a customer with this company for over five years now and i have been extremely satisfied with the service the fiber optic internet is fast and reliable and i have never experienced any issues with connectivity the automatic bank transfer payment method is convenient and hassle free the monthly charges are reasonable for the quality of service that i receive overall i have no complaints and would highly recommend this company to others,450,76,0.135,0.025,0.84,0.8535,1,10,110.921875,1,0,7142.4,95.2506
5697,1,0,1,1,62,1,2,2,1,1,1,1,1,1,2,1,0,24.25,1424.6,0,i have been a customer with this company for over five years now and i have been very satisfied with the service the automatic bank transfer payment method makes it convenient for me to pay my bill on time every month even though i do not have internet service with them the monthly charges of 24 25 for my other services are very reasonable i have no plans to leave this company anytime soon,392,74,0.039,0.087,0.873,-0.204,-1,6,22.97741935483871,0,0,1503.5,-4.947
3994,0,0,0,1,3,1,0,0,2,0,0,2,0,2,0,1,0,64.5,177.4,0,i have been a customer with this dsl internet service provider for 3 months now on a month to month contract i have been satisfied with the service so far and have not experienced any issues with connectivity or speed the automatic bank transfer for payment has been convenient and hassle free the monthly charges of 64 5 are reasonable for the service provided overall i am happy with my experience and do not plan on switching to another provider,448,80,0.111,0.024,0.865,0.8271,1,6,59.13333333333333,0,1,193.5,53.34795
1836,0,1,0,0,56,1,2,1,2,2,2,0,2,2,1,0,2,110.5,6139.5,0,i have been a customer with this company for 56 months now and have been really satisfied with the service the fiber optic internet is fast and reliable and i have had no issues with connectivity the monthly charges are reasonable at 110 5 and the electronic check payment method is convenient for me overall i am happy with my service and have no plans to churn in the near future,381,71,0.086,0.082,0.832,0.3167,1,10,109.63392857142857,1,0,6188.0,34.995349999999995
4550,0,0,0,0,46,1,0,0,0,0,0,0,0,2,1,0,1,55.65,2688.85,0,i have been with this dsl service provider for 46 months now and i have been overall satisfied with the service the monthly charges of 55 65 are reasonable for the internet speed and reliability i receive i appreciate the convenience of the automatic credit card payment method as it ensures that my bills are always paid on time i have not experienced any issues or outages that would make me consider switching providers overall i would recommend this service to others looking for a reliable and affordable internet option,525,90,0.108,0.021,0.87,0.8176,1,2,58.45326086956521,0,0,2559.9,45.49944
3970,0,0,1,1,8,1,0,0,2,2,0,0,0,0,0,0,3,54.65,482.25,0,i have been a customer with this company for 8 months now and i am very satisfied with the service the monthly charges are reasonable at 54 65 and the dsl internet service has been reliable i appreciate the flexibility of the month to month contract as it gives me the option to easily cancel if needed i also prefer paying by mailed check and have had no issues with the payment process overall i am happy with my experience as a customer and have no plans to churn,466,89,0.139,0.083,0.778,0.7778,1,4,60.28125,0,0,437.2,42.50677
108,1,1,0,0,30,1,0,0,2,2,0,0,2,2,0,1,2,74.75,2111.3,0,i have been a customer with this dsl service provider for 30 months now and i have been very satisfied with the service the monthly charges are reasonable at 74 75 and the payment method of electronic check is convenient for me the fact that i am on a month to month contract gives me the flexibility i need overall i have had no issues with the service and have no plans to churn i would highly recommend this provider to others,429,82,0.091,0.072,0.837,0.4188,1,8,70.37666666666668,0,0,2242.5,31.3053
2731,0,0,1,1,45,1,2,2,1,1,1,1,1,1,1,1,1,25.9,1216.6,0,i have been a customer with this company for 45 months now and i have been satisfied with the service the monthly charges are reasonable at 25 9 and i appreciate the convenience of automatic payments with my credit card i do not have internet service with this provider but overall i have had no issues with their service i have not experienced any reason to consider canceling my contract,389,70,0.074,0.058,0.868,0.0516,1,6,27.035555555555554,0,0,1165.5,1.3364399999999999
4191,0,0,0,1,1,1,0,1,0,0,0,0,2,0,0,1,2,79.35,79.35,1,i recently signed up for fiber optic internet service with this provider on a month to month contract unfortunately after only one month of service i decided to cancel due to some unexpected circumstances the monthly charges of 79 35 were reasonable for the speed and reliability of the internet service i appreciated being able to pay with electronic check as it was convenient and easy to set up overall my experience with this provider was positive and i would consider signing up again in the future,503,87,0.1,0.081,0.819,0.5994,1,2,79.35,0,1,79.35,47.56239
5766,0,0,1,1,11,0,1,0,2,0,0,0,2,2,0,0,2,50.55,565.35,0,i have been a customer with this company for almost a year now and i have been very satisfied with the service the dsl internet works well for my needs and i have not experienced any issues with connectivity the monthly charges are reasonable at 50 55 and i appreciate the option to pay with electronic check overall i have had a positive experience and i would recommend this service to others,394,72,0.17,0.042,0.788,0.8883,1,6,51.39545454545455,0,0,556.05,44.90356499999999
6488,0,0,1,0,7,1,0,1,0,0,2,0,0,0,0,1,0,75.15,496.9,1,i recently switched internet providers after being with this company for 7 months on a month to month contract the monthly charges of 75 15 were reasonable for the fiber optic service i received the automatic bank transfer payment method was convenient and hassle free however despite the quality of the service i decided to churn because i found a better deal with another provider overall i had a positive experience with this company and would recommend them to others looking for reliable internet service,509,85,0.13,0.022,0.847,0.8807,1,2,70.98571428571428,0,0,526.0500000000001,66.184605
6989,0,0,0,0,42,1,0,1,0,2,2,2,2,2,0,1,0,103.8,4327.5,0,i have been a customer with this company for 42 months now and have been very satisfied with the fiber optic internet service the monthly charges of 103 8 are reasonable for the speed and reliability that i receive i appreciate the convenience of the automatic bank transfer payment method overall i have had no issues with the service and have not had any reason to consider switching providers,395,69,0.077,0.057,0.866,0.3597,1,10,103.03571428571429,1,0,4359.599999999999,37.33686
202,0,0,1,0,49,1,0,2,1,1,1,1,1,1,2,1,0,20.15,973.35,0,i have been a customer with this company for almost four years now and i have never experienced any issues with my service or billing the automatic bank transfer payment method is convenient and ensures that i never miss a payment even though i do not have internet service with this company i am happy with the 20 15 monthly charges for the services i do receive overall i am satisfied with my experience and have no plans to churn in the near future,451,84,0.087,0.047,0.866,0.5638,1,6,19.864285714285714,0,0,987.3499999999999,11.36057
3100,1,0,0,0,9,1,2,1,0,2,0,0,2,2,0,1,1,99.3,918.75,0,i have been a customer with this company for 9 months now and i am very happy with the service the fiber optic internet is fast and reliable and i have had no issues with connectivity the monthly charges are reasonable at 99 3 and i appreciate the convenience of the automatic credit card payment method overall i have had a positive experience with this company and have no plans to switch providers,400,73,0.151,0.076,0.773,0.8122,1,6,102.08333333333333,0,0,893.6999999999999,80.65146
3376,0,0,1,0,35,1,0,0,2,0,0,0,2,0,1,1,0,62.15,2215.45,0,i have been a customer with this company for 35 months now and have not experienced any issues with churn i have a one year contract with a monthly charge of 62 15 for dsl internet service i appreciate the convenience of automatic bank transfers for payment overall i am satisfied with the service and would recommend it to others,330,60,0.123,0.0,0.877,0.7906,1,4,63.29857142857142,0,0,2175.25,49.13579
1258,0,0,1,1,48,1,0,2,1,1,1,1,1,1,2,0,0,20.65,1057.0,0,i have been a customer with this company for 4 years now and i have been very satisfied with their service the automatic bank transfer payment method is convenient and hassle free although i do not use their internet service the monthly charges of 20 65 for my contract type are reasonable overall i have had no reason to consider churning and i am happy to continue with this company,384,70,0.127,0.054,0.819,0.7778,1,6,22.020833333333332,0,0,991.1999999999999,16.06157
1920,0,0,1,1,46,1,0,2,1,1,1,1,1,1,2,1,3,19.95,927.1,0,i have been a customer with this company for almost 4 years now and i have been very satisfied with the service the monthly charges are very reasonable at 19 95 and i appreciate the option to pay by mailed check even though i do not have internet service with this company i have never experienced any issues with my contract or billing overall i am happy with my experience as a long time customer,398,75,0.114,0.042,0.843,0.7902,1,6,20.15434782608696,0,0,917.6999999999999,15.76449
2103,1,0,1,0,29,0,1,0,0,0,0,0,2,0,0,0,3,33.75,1009.25,0,i have been a customer with this dsl internet provider for almost 2 and a half years now on a month to month contract i have never experienced any issues with my service and have not had any reason to consider leaving the monthly charge of 33 75 is very reasonable for the reliable internet connection i receive i prefer to pay by mailed check and have always had smooth transactions with this payment method overall i am very satisfied with my experience with this provider and would highly recommend them to others,516,93,0.061,0.014,0.925,0.669,1,2,34.80172413793103,0,0,978.75,22.578750000000003
3345,1,0,1,1,30,1,0,1,0,2,2,0,0,0,0,0,0,82.05,2570.2,0,i have been a customer with this company for 30 months now and have been very satisfied with the service the fiber optic internet service is fast and reliable and i appreciate the convenience of automatic bank transfers for payment the monthly charges of 82 05 are reasonable for the quality of service provided i have had no issues with churn and overall i am happy with my experience as a month to month customer,414,75,0.113,0.051,0.835,0.7346,1,4,85.67333333333333,1,0,2461.5,60.27393
1663,1,1,0,0,1,1,0,1,0,0,0,2,0,0,0,0,2,74.7,74.7,0,i have been a customer with this fiber optic internet service provider for just one month now and so far i am extremely satisfied with the service the speeds are consistent and reliable and i have not experienced any issues with connectivity the monthly charges of 74 7 are reasonable for the quality of service i am receiving i appreciate the convenience of being able to pay with electronic check overall i am happy with my decision to switch to this provider and plan on continuing with their service in the future,517,92,0.095,0.035,0.87,0.7902,1,2,74.7,0,1,74.7,59.02794
5137,1,0,1,1,66,1,2,0,2,0,2,2,2,2,2,1,3,84.0,5714.25,0,i have been a customer with this company for over 5 years now and i have been very satisfied with the service the dsl internet service has been reliable and the monthly charges are reasonable i prefer to pay by mailed check and have not had any issues with billing overall i am happy with my experience and have no plans to churn,329,63,0.096,0.081,0.823,0.4754,1,10,86.57954545454545,1,0,5544.0,39.9336
4305,0,0,0,0,65,1,2,1,2,2,2,0,2,2,0,1,1,111.05,7107.0,0,i have been a customer with this company for over five years and i am extremely satisfied with the service the fiber optic internet is fast and reliable and i have had no issues with connectivity the automatic payment method makes it convenient for me to pay my bill on time each month the monthly charges are reasonable for the quality of service i receive i have no plans to switch providers as i am very happy with the service i am receiving,444,83,0.077,0.086,0.837,0.2928,1,10,109.33846153846154,1,0,7218.25,32.51544
6945,1,0,0,0,72,1,2,1,0,2,2,0,2,2,2,1,0,100.9,7459.05,0,i have been a satisfied customer with this internet service provider for the past six years the fiber optic connection has been reliable and fast with minimal disruptions the automatic bank transfer payment method is convenient and hassle free although the monthly charges are on the higher side at 100 9 i believe the quality of service justifies the cost overall i have no complaints and would recommend this provider to others,429,72,0.133,0.055,0.811,0.7475,1,8,103.59791666666666,1,0,7264.8,75.42275000000001
6099,0,0,0,0,12,1,2,1,2,0,0,0,0,0,0,1,2,78.95,927.35,1,i recently canceled my service with this provider after being with them for 12 months on a month to month contract while the internet service itself was reliable and fast i found the monthly charges of 78 95 to be a bit steep compared to other options in the market additionally i had some issues with the payment method being an electronic check as it was not as convenient as other payment options available overall i decided to switch to a different provider that offered a more affordable plan and better payment options,524,93,0.03,0.022,0.948,0.2023,1,2,77.27916666666667,0,0,947.4000000000001,15.971585000000001
6908,1,0,1,1,71,1,2,0,2,2,0,2,0,0,1,1,1,66.85,4748.7,0,i have been a loyal customer of this company for over 6 years now and i have been very satisfied with the dsl internet service they provide the monthly charges are reasonable at 66 85 and i appreciate the convenience of automatic credit card payments i have never experienced any issues with connectivity or billing so overall i am very happy with my service i have no intention of switching providers anytime soon,414,73,0.181,0.05,0.769,0.9039,1,6,66.8830985915493,0,0,4746.349999999999,60.425715
173,1,0,0,0,5,1,0,2,1,1,1,1,1,1,0,0,3,21.05,113.85,1,i recently canceled my service with this company after being a customer for 5 months i was on a month to month contract with a monthly charge of 21 05 i did not have internet service with them i always paid my bill by mailing a check overall i was satisfied with the service during my time as a customer but ultimately decided to switch to a different provider for better internet options,388,73,0.075,0.0,0.925,0.6956,1,6,22.77,0,1,105.25,14.642380000000001
2249,1,0,0,0,52,1,0,2,1,1,1,1,1,1,2,0,0,21.0,1107.2,0,i have been a customer with this company for over four years now and have been satisfied with the service the automatic bank transfer payment method has been convenient and hassle free even though i do not have internet service with this provider i have found the 21 0 monthly charges to be reasonable for the services i do receive overall i have had a positive experience and would recommend this company to others,415,74,0.146,0.025,0.828,0.8779,1,6,21.292307692307695,0,0,1092.0,18.4359
3208,0,1,1,0,25,1,0,1,0,2,2,0,2,2,0,1,2,98.5,2514.5,1,i have been a customer with this company for 25 months and unfortunately i have decided to churn the monthly charges of 98 5 for fiber optic internet service were reasonable but i had issues with the reliability of the service i also found the payment method of electronic check to be inconvenient at times overall i was not completely satisfied with my experience and have decided to switch to another provider,411,72,0.0,0.125,0.875,-0.8259,-1,8,100.58,1,0,2462.5,-81.35114999999999
4530,1,0,0,0,1,1,0,2,1,1,1,1,1,1,0,0,3,20.2,20.2,0,i recently signed up for a month to month contract with this company and have been pleased with the service so far the monthly charges are very reasonable at 20 2 and i appreciate the flexibility of being able to cancel at any time i do not use their internet service but have been paying through mailed checks without any issues overall i am satisfied with my experience as a customer,385,71,0.119,0.039,0.841,0.7311,1,6,20.2,0,1,20.2,14.76822
2575,0,0,1,1,1,1,0,2,1,1,1,1,1,1,0,0,2,19.45,19.45,0,i have been a customer with this company for one month now and so far i am very satisfied the month to month contract option is convenient for me and the monthly charges of 19 45 are affordable i do not have internet service with this company so i cannot comment on that aspect i find the electronic check payment method easy to use and have had no issues with it overall i am happy with my experience so far and have no complaints,431,84,0.127,0.046,0.828,0.8249,1,6,19.45,0,1,19.45,16.044304999999998
5064,1,0,0,0,38,1,2,1,0,0,2,2,2,0,1,0,0,95.0,3605.6,0,i have been a customer with this company for 38 months now and i am very satisfied with the service the fiber optic internet service has been reliable and fast and i have not experienced any issues with connectivity the automatic bank transfer payment method is convenient and hassle free although the monthly charges are on the higher side at 95 0 i believe the quality of service justifies the cost overall i have had a positive experience and would recommend this company to others,484,85,0.132,0.022,0.846,0.8858,1,6,94.88421052631578,1,0,3610.0,84.151
3835,0,1,1,0,66,0,1,0,0,2,2,0,2,0,1,0,0,45.55,3027.25,0,i have been a loyal customer of this internet service provider for over five years now i have been on a one year contract with monthly charges of 45 55 for dsl internet service i appreciate the convenience of automatic bank transfers for payment as it ensures that my bill is always paid on time i have had no issues with churn and overall i am satisfied with the service provided,380,71,0.109,0.054,0.837,0.6486,1,6,45.86742424242424,0,0,3006.2999999999997,29.543729999999996
2233,1,0,1,0,68,1,2,1,0,2,2,2,2,2,2,1,0,110.0,7611.85,1,i have been a customer with this company for 68 months on a two year contract with monthly charges of 110 i have been using their fiber optic internet service and have been satisfied with the speed and reliability however i recently decided to churn as i found a better deal with another provider the automatic bank transfer payment method was convenient and hassle free overall i had a positive experience with this company but ultimately decided to switch due to better pricing options,487,84,0.132,0.017,0.851,0.8625,1,10,111.93897058823529,1,0,7480.0,94.875
4386,1,0,0,0,5,0,1,0,0,0,0,0,0,0,0,0,3,24.3,100.2,0,i have been a customer with this company for 5 months now and i have been very satisfied with the dsl internet service they provide the monthly charges are very reasonable at 24 3 and i appreciate the flexibility of the month to month contract i also prefer paying by mailed check and the process has been smooth so far overall i have had a positive experience with this company and i have no plans to churn anytime soon,420,79,0.132,0.048,0.819,0.8173,1,0,20.04,0,1,121.5,19.860390000000002
4782,0,0,1,1,72,1,2,1,2,2,0,0,2,2,1,1,2,104.15,7303.05,0,i have been a customer with this internet service provider for 6 years now and i have had a great experience with them the fiber optic internet service has been reliable and fast allowing me to stream videos work from home and stay connected with friends and family without any interruptions the monthly charges are reasonable at 104 15 and i appreciate the convenience of paying with electronic check overall i am satisfied with the service and have no plans to churn anytime soon,481,84,0.155,0.045,0.8,0.8924,1,8,101.43125,1,0,7498.8,92.94346
6863,0,0,0,0,32,0,1,0,2,0,0,0,0,0,1,0,3,30.15,927.65,0,i have been a customer with this company for over 2 and a half years now and have had a great experience overall the dsl internet service has been reliable and consistent and the monthly charges are very reasonable at 30 15 i appreciate being able to pay with a mailed check as it s a convenient option for me i have not experienced any issues with the service or billing so i have no reason to consider churning overall i am satisfied with my experience as a customer,468,89,0.097,0.061,0.842,0.6845,1,2,28.9890625,0,0,964.8,20.637674999999998
6067,1,0,0,0,43,1,2,1,0,0,0,0,2,2,1,0,3,94.35,3921.3,0,i have been a loyal customer with this company for over three and a half years now and have been very satisfied with their fiber optic internet service the speed and reliability have been excellent and i have had no issues with connectivity the monthly charges are reasonable for the quality of service provided i appreciate being able to pay by mailed check as it is convenient for me overall i have no complaints and would highly recommend this company to others,464,82,0.183,0.059,0.758,0.9177,1,4,91.19302325581396,1,0,4057.0499999999997,86.58499499999999
1968,1,0,1,1,72,1,0,2,1,1,1,1,1,1,2,0,1,19.4,1363.25,0,i have been a customer with this company for 6 years now and have been satisfied with the service overall the automatic credit card payment option makes it convenient for me to pay my bill on time every month i do wish they offered internet service but i have been able to make do without it the monthly charges are reasonable at 19 4 and i appreciate that my contract is only for two years giving me some flexibility overall i have no complaints and would recommend this company to others,489,91,0.202,0.036,0.762,0.9484,1,6,18.93402777777778,0,0,1396.8,18.39896
327,1,0,1,0,55,1,2,1,2,2,0,0,2,0,0,1,2,96.75,5238.9,1,i was a loyal customer with this company for over 4 years but unfortunately had to cancel my service due to moving to a new area i was on a month to month contract and paid my monthly charges of 96 75 via electronic check the fiber optic internet service was reliable and fast and i never had any major issues with connectivity overall i was satisfied with the service during my time as a customer,397,76,0.068,0.097,0.835,-0.3612,-1,6,95.25272727272727,1,0,5321.25,-34.9461
3173,0,0,0,0,52,1,0,0,2,0,2,2,0,0,1,0,1,57.95,3042.25,0,i have been a customer with this dsl internet service provider for over four years now and i am extremely satisfied with their service the monthly charges of 57 95 are reasonable for the reliable internet connection i receive the automatic payment method with my credit card makes the billing process convenient and hassle free i have never experienced any issues with the service and have no plans to churn overall i highly recommend this provider for their consistent and affordable internet service,501,83,0.127,0.046,0.827,0.8169,1,6,58.50480769230769,0,0,3013.4,47.339355
4055,0,0,0,0,43,1,0,1,0,2,2,0,2,0,0,1,2,91.65,3954.1,0,i have been a loyal customer with this company for over 3 years now and i have been very satisfied with their service the fiber optic internet service has been reliable and fast and the monthly charges are reasonable at 91 65 i appreciate the convenience of paying with electronic check and have had no issues with billing or payments overall i have had a positive experience with this company and would recommend them to others,428,76,0.17,0.049,0.781,0.8932,1,6,91.95581395348837,1,0,3940.9500000000003,81.86178000000001
3419,0,1,1,0,37,1,2,1,0,0,0,0,0,0,0,1,2,76.5,2868.15,1,i was a customer of this company for 37 months and overall i was satisfied with their fiber optic internet service however i ultimately decided to churn because i found a better deal with another provider the monthly charges of 76 5 were reasonable for the quality of service i received i appreciated being able to pay with electronic check as it was convenient and easy to manage if the company offered more competitive pricing or promotions for long term customers i may have stayed with them overall i would recommend their service to others looking for reliable internet service,582,100,0.147,0.031,0.822,0.9168,1,0,77.51756756756757,0,0,2830.5,70.1352
3735,0,0,1,1,64,0,1,0,0,2,0,2,2,2,2,1,2,54.6,3423.5,0,i have been a customer with this company for over five years and have been satisfied with the dsl internet service they provide the monthly charges are reasonable at 54 6 and i appreciate the convenience of paying through electronic check i have had no issues with churn and plan to continue using their services in the future,326,58,0.086,0.067,0.846,0.296,1,8,53.4921875,0,0,3494.4,16.1616
2142,1,0,1,1,3,1,0,1,2,2,0,0,2,0,0,0,2,89.85,248.4,0,i have been a customer with this internet service provider for 3 months now and i am very satisfied with the service the fiber optic internet is incredibly fast and reliable and i have not experienced any issues with connectivity so far the monthly charges of 89 85 are reasonable for the quality of service that i am receiving i appreciate being able to pay with electronic check as it is convenient and easy to manage overall i have no complaints and would recommend this provider to others,492,88,0.137,0.036,0.827,0.8736,1,6,82.8,0,1,269.54999999999995,78.49296
6732,0,0,0,0,36,0,1,0,2,0,0,0,0,0,2,0,0,31.05,1126.35,0,i have been a loyal customer for 3 years now and have never experienced any issues with my dsl internet service the automatic bank transfer for payment is convenient and hassle free the monthly charges are very reasonable at 31 05 overall i am satisfied with the service and have no plans of switching providers,311,55,0.145,0.068,0.787,0.7096,1,2,31.287499999999998,0,0,1117.8,22.03308
3763,0,0,1,1,10,1,2,1,2,0,0,0,2,2,0,1,2,100.25,1064.65,1,i recently canceled my service with this provider after being a customer for 10 months i was on a month to month contract and was paying 100 25 per month for fiber optic internet service the payment method i used was electronic check overall i was satisfied with the speed and reliability of the internet service however i found that the monthly charges were a bit higher than what i was willing to pay additionally i experienced some issues with customer service and billing that ultimately led me to switch to a different provider i would recommend this provider for their quality of service but would caution potential customers to be aware of any billing discrepancies and to closely monitor their charges,709,122,0.029,0.043,0.928,-0.1901,-1,6,106.465,0,0,1002.5,-19.057525
5961,0,0,0,0,41,1,0,2,1,1,1,1,1,1,2,0,3,20.65,835.15,0,i have been a loyal customer of this company for over three years now and i have been satisfied with the service they provide even though i do not have internet service with them i appreciate the affordable monthly charges and the option to pay by mailing a check i have had no issues with the company and have no plans to switch providers in the near future overall i am a happy customer,388,74,0.143,0.092,0.766,0.7506,1,6,20.36951219512195,0,0,846.65,15.49989
6644,1,0,1,1,27,1,2,1,0,2,0,2,0,0,0,1,1,85.2,2151.6,0,i have been a customer with this company for 27 months now and i have been extremely satisfied with the service the fiber optic internet service has been reliable and fast with no issues or interruptions the automatic credit card payment method makes it convenient for me to pay my monthly charges of 85 2 without having to worry about late fees overall i have had a great experience and have no complaints,406,73,0.193,0.066,0.741,0.9004,1,4,79.68888888888888,1,0,2300.4,76.71408
745,0,0,1,1,56,1,2,1,0,0,2,0,2,2,1,1,1,99.8,5515.45,0,i have been a customer with this company for over 4 and a half years now and have been very satisfied with the fiber optic internet service the automatic credit card payment method has been convenient and hassle free the monthly charges are reasonable for the quality of service provided i have not experienced any issues with the service or billing so i have had no reason to consider switching providers overall i would highly recommend this company to others looking for reliable internet service,499,85,0.124,0.045,0.831,0.8169,1,6,98.49017857142857,1,0,5588.8,81.52662
2032,0,0,0,0,6,1,0,2,1,1,1,1,1,1,0,0,3,20.7,112.75,0,i have been a customer with this company for 6 months now and i am pleased to say that i have not experienced any issues with their service even though i do not have internet service with them i appreciate the affordable monthly charges of 20 7 i also like the flexibility of the month to month contract type i prefer to pay by mailed check and have had no problems with their payment process overall i am satisfied with my experience as a customer and would recommend this company to others,491,92,0.173,0.033,0.794,0.9268,1,6,18.791666666666668,0,0,124.19999999999999,19.184759999999997
274,1,0,0,0,3,1,2,1,0,0,0,0,0,0,0,1,2,74.4,229.55,1,i recently switched to this company for their fiber optic internet service but unfortunately i had to churn after only 3 months the monthly charges were reasonable at 74 4 and i appreciated the convenience of the electronic check payment method however i experienced frequent outages and slow speeds during my short tenure with them i was hoping for a more reliable and consistent internet connection so i ultimately decided to cancel my service i would recommend this company to others only if they can guarantee a more stable and reliable internet service,557,93,0.155,0.075,0.77,0.8717,1,0,76.51666666666667,0,1,223.20000000000002,64.85448000000001
4607,0,0,1,1,7,1,0,0,2,0,0,0,0,0,0,0,3,50.7,350.35,0,i have been with this dsl internet provider for 7 months now on a month to month contract i have never experienced any issues with my service and have not felt the need to switch providers the monthly charges are reasonable at 50 7 and i appreciate being able to pay with a mailed check overall i am satisfied with the service and would recommend it to others,359,68,0.107,0.047,0.846,0.6705,1,2,50.050000000000004,0,0,354.90000000000003,33.994350000000004
5130,0,0,1,1,4,1,0,2,1,1,1,1,1,1,0,0,3,20.85,62.9,0,i have been a customer with this company for 4 months now on a month to month contract i do not have internet service with them so my monthly charges are 20 85 i prefer to pay by mailed check overall i have had a positive experience so far and have not experienced any issues with the service i appreciate the simplicity of the payment process and the affordable monthly charges i have no plans to cancel my service with this company,433,82,0.069,0.11,0.821,-0.1935,-1,6,15.725,0,1,83.4,-4.0344750000000005
3222,1,0,0,0,33,1,0,1,2,0,0,2,2,0,2,1,2,88.95,3027.65,0,i have been a customer with this company for over 2 and a half years now and i am very satisfied with the service i have received the fiber optic internet service has been reliable and fast and i have not experienced any issues with connectivity the monthly charges are reasonable at 88 95 and i appreciate the convenience of paying with electronic check overall i am happy with my experience and would recommend this company to others,435,78,0.138,0.024,0.838,0.8718,1,6,91.7469696969697,1,0,2935.35,77.54661
3079,0,1,0,0,27,1,2,1,0,0,2,0,0,0,0,1,2,78.05,2135.5,1,i have been a customer with this company for 27 months on a month to month contract with monthly charges of 78 05 for fiber optic internet service unfortunately i have decided to churn and cancel my service while the internet service itself was reliable and fast i found the monthly charges to be a bit high compared to competitors in the area additionally the payment method of electronic check was convenient but i would have liked more flexibility in billing options overall i had a positive experience with the service but ultimately decided to switch providers for better pricing,584,100,0.14,0.055,0.805,0.9286,1,2,79.0925925925926,0,0,2107.35,72.47722999999999
4794,1,0,1,0,72,1,2,2,1,1,1,1,1,1,2,1,0,23.55,1723.95,0,i have been with this service provider for 6 years now and have never experienced any issues with my service the automatic bank transfer payment method is convenient and hassle free even though i do not have internet service with them the low monthly charges of 23 55 for my contract type are very reasonable i am satisfied with my overall experience and have no plans to churn in the near future,396,72,0.077,0.081,0.843,0.1779,1,6,23.94375,0,0,1695.6000000000001,4.189545
2760,1,0,0,0,1,1,0,2,1,1,1,1,1,1,0,0,3,19.75,19.75,0,i have been a customer with this company for just one month and i am overall satisfied with the service so far the monthly charges of 19 75 for my month to month contract are reasonable however i do wish there was an option for internet service as it is not currently offered additionally i prefer to pay by mailed check which may not be the most convenient method for some customers overall i have not experienced any issues with the service and have not considered churning,475,87,0.06,0.038,0.902,0.4588,1,6,19.75,0,1,19.75,9.0613
1808,1,1,0,0,71,0,1,0,2,2,0,0,2,2,1,1,2,56.45,3985.35,0,i have been a loyal customer with this company for over 6 years now and i have been very satisfied with the service the monthly charges are reasonable at 56 45 and the dsl internet service has been reliable i appreciate the convenience of the electronic check payment method overall i have no complaints and i am happy to continue with this company for my internet service,372,67,0.191,0.027,0.783,0.9144,1,8,56.131690140845066,0,0,4007.9500000000003,51.61788
1989,0,0,0,0,13,1,2,1,0,0,0,0,0,2,0,1,2,85.95,1215.65,0,i have been a customer with this company for 13 months now and i am very satisfied with their service the fiber optic internet service has been reliable and fast and i have had no issues with connectivity the monthly charges of 85 95 are reasonable for the quality of service i am receiving i appreciate being able to pay with electronic check as it is convenient and hassle free overall i have had a positive experience with this company and would recommend them to others,473,86,0.154,0.058,0.789,0.8883,1,2,93.51153846153846,1,0,1117.3500000000001,76.349385
4403,0,0,1,1,25,0,1,0,2,2,2,0,2,2,0,1,1,58.6,1502.65,1,i had been a customer with this company for 25 months on a month to month contract with a monthly charge of 58 6 for dsl internet service i had set up automatic credit card payments for convenience despite being a long time customer i ultimately decided to churn because i found a better deal with another provider the service itself was reliable but the pricing just wasn t competitive enough for me to stay i would consider coming back in the future if they were able to offer a better rate,492,92,0.099,0.0,0.901,0.8248,1,10,60.106,0,0,1465.0,48.33328
6058,1,0,0,0,67,1,0,0,0,0,0,2,0,0,2,0,0,50.55,3260.1,0,i have been a customer with this dsl internet service provider for over five years now and i have been very satisfied with their service the automatic bank transfer payment method is convenient and hassle free the monthly charges of 50 55 are reasonable for the quality of service provided i have not experienced any issues with connectivity or speed and i have no plans to switch to another provider overall i would highly recommend this company to others looking for reliable internet service,494,84,0.099,0.046,0.854,0.7083,1,2,48.65820895522388,0,0,3386.85,35.804565
2158,1,0,0,0,1,0,1,0,0,0,0,0,0,2,0,1,2,35.45,35.45,1,i recently signed up for dsl internet service with this provider on a month to month contract unfortunately after just one month i decided to cancel due to slow speeds and frequent outages the monthly charges of 35 45 were reasonable but the service quality did not meet my expectations i also found the payment method of electronic check to be convenient overall i was disappointed with my experience and ultimately decided to churn,433,74,0.0,0.113,0.887,-0.7845,-1,2,35.45,0,1,35.45,-27.810525000000002
1632,1,0,0,0,2,1,0,0,0,0,0,0,0,0,0,0,2,44.35,81.25,1,i recently switched to this dsl internet service provider two months ago on a month to month contract unfortunately i have decided to cancel my service due to the slow and unreliable internet connection despite the affordable monthly charges of 44 35 the service did not meet my expectations i experienced frequent disconnections and slow speeds which made it difficult to work from home and stream videos additionally the payment method of electronic check was convenient but it did not make up for the poor service quality overall i would not recommend this provider to others looking for a reliable internet connection,621,102,0.0,0.122,0.878,-0.8838,-1,0,40.625,0,1,88.7,-39.19653
5539,0,0,0,0,43,1,2,2,1,1,1,1,1,1,2,1,1,25.7,1188.2,0,i have been a customer with this company for over three and a half years now and i have been very satisfied with the service the automatic credit card payment method has made it convenient for me to pay my bill on time every month without any hassle even though i do not have internet service with them the monthly charges of 25 7 for my other services are very reasonable i have not experienced any issues with the service and i am happy to say that i have no plans to churn anytime soon overall i am a happy and loyal customer,528,103,0.139,0.049,0.813,0.9099,1,6,27.632558139534886,0,0,1105.1,23.384430000000002
5570,0,0,0,0,23,1,0,1,2,0,0,0,0,0,0,1,0,75.0,1778.5,0,i have been a customer with this company for 23 months now and have been extremely satisfied with the service the fiber optic internet is fast and reliable and i have had no issues with connectivity the automatic bank transfer payment method is convenient and hassle free the monthly charges of 75 are reasonable for the quality of service provided overall i have had a positive experience and would highly recommend this company to others,439,75,0.149,0.05,0.802,0.8586,1,2,77.32608695652173,0,0,1725.0,64.395
2656,0,0,1,1,64,1,0,2,1,1,1,1,1,1,2,0,3,20.2,1277.75,0,i have been a customer with this company for over 5 years now and i have been very satisfied with their services even though i do not have internet service with them i appreciate the affordable monthly charges and the option to pay by mailed check the two year contract has also been convenient for me and i have had no issues with churn overall i would highly recommend this company to others,393,73,0.106,0.07,0.824,0.5975,1,6,19.96484375,0,0,1292.8,12.0695
4410,1,0,0,1,57,1,0,2,1,1,1,1,1,1,2,1,3,19.6,1170.55,0,i have been a customer with this company for over 4 and a half years and have been satisfied with their service even though i do not have internet service with them i appreciate the affordable monthly charges and the option to pay by mailed check i have not experienced any issues that would cause me to consider switching providers overall i am happy with my experience as a long term customer,394,72,0.115,0.044,0.841,0.7717,1,6,20.5359649122807,0,0,1117.2,15.125320000000002
262,0,1,1,0,1,1,0,1,0,0,0,0,0,0,0,1,3,70.45,70.45,1,i recently signed up for fiber optic internet service with this provider but unfortunately i had to cancel after only one month the monthly charges of 70 45 were reasonable but i found the service to be unreliable and inconsistent the fact that i had to mail a check for payment was also inconvenient and outdated i was disappointed with my experience and ultimately decided to switch to a different provider,408,71,0.0,0.19,0.81,-0.9382,-1,0,70.45,0,1,70.45,-66.09619
2197,0,1,1,1,72,1,2,0,2,2,2,2,2,2,2,1,1,88.05,6425.65,0,i have been a customer with this company for 6 years now and have been satisfied with the service overall the dsl internet service has been consistent and reliable and the automatic credit card payment option has made it easy to manage my monthly bills the monthly charges are reasonable at 88 05 and i appreciate the two year contract option i have had no issues with churn and plan to continue using this service in the future,428,78,0.126,0.049,0.825,0.7717,1,12,89.24513888888889,1,0,6339.599999999999,67.94818500000001
2863,0,0,0,0,8,1,2,0,2,0,0,2,0,2,0,0,2,71.15,563.65,1,i recently decided to cancel my dsl internet service after 8 months of subscribing on a month to month contract while the monthly charges of 71 15 were reasonable i found the internet service to be unreliable and slow at times additionally i was not satisfied with the payment method of electronic check as it seemed to have issues processing my payments on time overall i was disappointed with the service and decided to switch to a different provider,452,79,0.0,0.113,0.887,-0.8192,-1,6,70.45625,0,0,569.2,-58.286080000000005
751,0,0,1,0,61,1,2,1,0,2,0,0,2,2,2,1,0,101.05,5971.25,0,i have been a customer with this company for over five years now and i have been extremely satisfied with the service provided the fiber optic internet service is fast and reliable and i have had no issues with connectivity the automatic bank transfer payment method is convenient and hassle free the monthly charges are reasonable for the quality of service i receive overall i have no complaints and would highly recommend this company to others,447,76,0.133,0.05,0.816,0.7989,1,6,97.88934426229508,1,0,6164.05,80.728845
1806,1,0,0,0,64,1,2,1,2,2,0,0,0,0,1,1,1,84.3,5289.05,0,i have been a customer with this company for over five years now and i have been extremely satisfied with the service the fiber optic internet is fast and reliable and i have never experienced any downtime the automatic payment method makes it convenient for me to pay my bill on time every month the monthly charges are reasonable for the quality of service i receive overall i have no complaints and would highly recommend this company to others,447,79,0.095,0.041,0.864,0.6852,1,4,82.64140625,1,0,5395.2,57.76236
775,1,1,1,0,71,1,2,2,1,1,1,1,1,1,2,0,0,23.95,1756.2,0,i have been a customer with this company for over 6 years now and i have been extremely satisfied with their service the automatic bank transfer payment method is convenient and hassle free even though i do not have internet service with them i find the monthly charges of 23 95 to be very reasonable i am on a two year contract and have no plans of churning anytime soon overall i highly recommend this company for their reliability and affordability,451,81,0.103,0.048,0.849,0.7083,1,6,24.735211267605635,0,0,1700.45,16.963785
4058,0,0,1,1,65,1,2,1,2,2,0,2,2,0,2,1,1,99.05,6416.7,0,i have been a customer with this company for over 5 years now and i have been extremely satisfied with the service the fiber optic internet service is fast and reliable and i have never experienced any downtime the automatic payment method with my credit card makes it convenient for me to pay my bill each month without having to worry about it even though the monthly charges are a bit on the higher side at 99 05 i feel that the quality of service i receive is worth it overall i have no complaints and would highly recommend this company to others,551,103,0.133,0.031,0.837,0.8898,1,8,98.71846153846154,1,0,6438.25,88.13469
4848,1,0,0,0,3,1,0,2,1,1,1,1,1,1,1,0,3,19.6,61.35,0,i have been a customer with this company for 3 months now and so far i have had a positive experience the monthly charges are reasonable at 19 6 and i appreciate the option to pay with a mailed check however i do not use the internet service provided by the company so i cannot comment on that aspect overall i am satisfied with the service and do not have any plans to churn in the near future,394,78,0.106,0.041,0.853,0.765,1,6,20.45,0,1,58.800000000000004,14.994000000000002
1446,1,0,0,0,1,1,0,0,0,0,0,0,0,0,0,1,2,45.65,45.65,1,i recently switched to this internet provider and unfortunately had to cancel after only one month due to some unforeseen circumstances the monthly charges were reasonable at 45 65 for dsl service i appreciated the convenience of being able to pay with an electronic check overall i had a positive experience during my short tenure with this company,349,58,0.103,0.118,0.778,0.25,1,0,45.65,0,1,45.65,11.4125
4571,1,0,0,1,30,1,0,0,0,2,2,0,2,0,1,0,1,64.5,1929.95,0,i have been a customer with this dsl service provider for 30 months now and i am very satisfied with the service the monthly charges are reasonable at 64 5 and i appreciate the convenience of the automatic credit card payment method i have not experienced any issues with the internet service and have not had any reason to consider switching providers overall i am happy with my experience and would recommend this provider to others,434,76,0.168,0.024,0.807,0.9099,1,6,64.33166666666666,0,0,1935.0,58.68855
